<prezi xsi:schemaLocation="http://prezi.com/schema/prezi/2 http://prezi.com/schema/prezi/2" xmlns:xsi="http://www.w3.org/2001/XMLSchema-instance" version="2" xmlns="http://prezi.com/schema/prezi/2"><xFields><xField name="preziType"><xEnum type="PreziType" value="converted-from-core"/></xField></xFields><documentStyle><documentStyle><fontClasses><array><fontClass><fontFamily><string value="Alegreya"/></fontFamily><name><string value="body"/></name></fontClass><fontClass><fontFamily><string value="Alegreya"/></fontFamily><fontWeight><fontWeight value="bold"/></fontWeight><name><string value="head"/></name></fontClass><fontClass><fontFamily><string value="Alegreya"/></fontFamily><fontStyle><fontStyle value="italic"/></fontStyle><fontWeight><fontWeight value="bold"/></fontWeight><name><string value="strong"/></name></fontClass></array></fontClasses><fontFamilies><array><fontFamily><fontFaces><array><fontFace><fontSrc><string value="Alegreya-Regular.keg"/></fontSrc></fontFace><fontFace><fontSrc><string value="Alegreya-Bold.keg"/></fontSrc><fontWeight><fontWeight value="bold"/></fontWeight></fontFace><fontFace><fontSrc><string value="Alegreya-BoldItalic.keg"/></fontSrc><fontStyle><fontStyle value="italic"/></fontStyle><fontWeight><fontWeight value="bold"/></fontWeight></fontFace><fontFace><fontSrc><string value="Alegreya-Italic.keg"/></fontSrc><fontStyle><fontStyle value="italic"/></fontStyle></fontFace></array></fontFaces><name><string value="Alegreya"/></name></fontFamily></array></fontFamilies><styleDeclarations><array><styleDeclaration><styleBlock><styleBlock><gradEndAlpha><double value="0.7"/></gradEndAlpha><gradStartAlpha><double value="0.5"/></gradStartAlpha></styleBlock></styleBlock><styleSelector><simpleSelector value="zCircle"/></styleSelector></styleDeclaration><styleDeclaration><styleBlock><styleBlock><color><color value="#30394F"/></color><gradEndColor><color value="#30394F"/></gradEndColor><gradStartColor><color value="#30394F"/></gradStartColor><fillType><fillType value="linear"/></fillType></styleBlock></styleBlock><styleSelector><simpleSelector value="*.line1"/></styleSelector></styleDeclaration><styleDeclaration><styleBlock><styleBlock><color><color value="#0E6569"/></color><gradEndColor><color value="#0E6569"/></gradEndColor><gradStartColor><color value="#0E6569"/></gradStartColor><fillType><fillType value="linear"/></fillType></styleBlock></styleBlock><styleSelector><simpleSelector value="*.line2"/></styleSelector></styleDeclaration><styleDeclaration><styleBlock><styleBlock><color><color value="#FF434C"/></color><gradEndColor><color value="#FF434C"/></gradEndColor><gradStartColor><color value="#FF434C"/></gradStartColor><fillType><fillType value="linear"/></fillType></styleBlock></styleBlock><styleSelector><simpleSelector value="*.line3"/></styleSelector></styleDeclaration><styleDeclaration><styleBlock><styleBlock><color><color value="#9AD8EB"/></color><gradEndColor><color value="#9AD8EB"/></gradEndColor><gradStartColor><color value="#9AD8EB"/></gradStartColor><fillType><fillType value="linear"/></fillType></styleBlock></styleBlock><styleSelector><simpleSelector value="*.line4"/></styleSelector></styleDeclaration><styleDeclaration><styleBlock><styleBlock><color><color value="#FFFFFF"/></color><gradEndColor><color value="#FFFFFF"/></gradEndColor><gradStartColor><color value="#FFFFFF"/></gradStartColor><fillType><fillType value="linear"/></fillType></styleBlock></styleBlock><styleSelector><simpleSelector value="*.line5"/></styleSelector></styleDeclaration><styleDeclaration><styleBlock><styleBlock><gradEndColor><color value="#30394F"/></gradEndColor><gradStartColor><color value="#30394F"/></gradStartColor><fillType><fillType value="linear"/></fillType></styleBlock></styleBlock><styleSelector><simpleSelector value="*.poly1"/></styleSelector></styleDeclaration><styleDeclaration><styleBlock><styleBlock><gradEndColor><color value="#0E6569"/></gradEndColor><gradStartColor><color value="#0E6569"/></gradStartColor><fillType><fillType value="linear"/></fillType></styleBlock></styleBlock><styleSelector><simpleSelector value="*.poly2"/></styleSelector></styleDeclaration><styleDeclaration><styleBlock><styleBlock><gradEndColor><color value="#FF434C"/></gradEndColor><gradStartColor><color value="#FF434C"/></gradStartColor><fillType><fillType value="linear"/></fillType></styleBlock></styleBlock><styleSelector><simpleSelector value="*.poly3"/></styleSelector></styleDeclaration><styleDeclaration><styleBlock><styleBlock><gradEndColor><color value="#9AD8EB"/></gradEndColor><gradStartColor><color value="#9AD8EB"/></gradStartColor><fillType><fillType value="linear"/></fillType></styleBlock></styleBlock><styleSelector><simpleSelector value="*.poly4"/></styleSelector></styleDeclaration><styleDeclaration><styleBlock><styleBlock><gradEndColor><color value="#FFFFFF"/></gradEndColor><gradStartColor><color value="#FFFFFF"/></gradStartColor><fillType><fillType value="linear"/></fillType></styleBlock></styleBlock><styleSelector><simpleSelector value="*.poly5"/></styleSelector></styleDeclaration><styleDeclaration><styleBlock><styleBlock><gradEndColor><color value="#6ACEEB"/></gradEndColor><gradStartColor><color value="#6ACEEB"/></gradStartColor><fillType><fillType value="linear"/></fillType></styleBlock></styleBlock><styleSelector><simpleSelector value="background"/></styleSelector></styleDeclaration><styleDeclaration><styleBlock><styleBlock><gradEndAlpha><double value="1"/></gradEndAlpha><gradStartAlpha><double value="1"/></gradStartAlpha><borderAlpha><double value="0"/></borderAlpha><borderThickness><double value="0"/></borderThickness><thickness><double value="7"/></thickness></styleBlock></styleBlock><styleSelector><simpleSelector value="zArrow"/></styleSelector></styleDeclaration><styleDeclaration><styleBlock><styleBlock><gradEndAlpha><double value="1"/></gradEndAlpha><gradStartAlpha><double value="1"/></gradStartAlpha><borderAlpha><double value="0"/></borderAlpha><borderThickness><double value="0"/></borderThickness><radius><double value="0"/></radius><thickness><double value="100"/></thickness></styleBlock></styleBlock><styleSelector><simpleSelector value="zCircle"/></styleSelector></styleDeclaration><styleDeclaration><styleBlock><styleBlock><color><color value="#000000"/></color><alpha><double value="1"/></alpha><thickness><double value="0"/></thickness></styleBlock></styleBlock><styleSelector><simpleSelector value="zPencil"/></styleSelector></styleDeclaration><styleDeclaration><styleBlock><styleBlock><gradEndAlpha><double value="1"/></gradEndAlpha><gradEndColor><color value="#30394F"/></gradEndColor><gradStartAlpha><double value="1"/></gradStartAlpha><gradStartColor><color value="#30394F"/></gradStartColor><fillType><fillType value="linear"/></fillType><borderAlpha><double value="0"/></borderAlpha><borderThickness><double value="0"/></borderThickness><padding><double value="1.03"/></padding><thickness><double value="5"/></thickness></styleBlock></styleBlock><styleSelector><simpleSelector value="zBracketFrame"/></styleSelector></styleDeclaration><styleDeclaration><styleBlock><styleBlock><gradEndAlpha><double value="1"/></gradEndAlpha><gradEndColor><color value="#006568"/></gradEndColor><gradStartAlpha><double value="1"/></gradStartAlpha><gradStartColor><color value="#006568"/></gradStartColor><fillType><fillType value="linear"/></fillType><borderAlpha><double value="0"/></borderAlpha><borderThickness><double value="0"/></borderThickness><padding><double value="1.03"/></padding><thickness><double value="5"/></thickness></styleBlock></styleBlock><styleSelector><simpleSelector value="zCircleFrame"/></styleSelector></styleDeclaration><styleDeclaration><styleBlock><styleBlock><gradEndAlpha><double value="0.7"/></gradEndAlpha><gradEndColor><color value="#FFFFFF"/></gradEndColor><gradStartAlpha><double value="0.7"/></gradStartAlpha><gradStartColor><color value="#FFFFFF"/></gradStartColor><fillType><fillType value="linear"/></fillType><borderAlpha><double value="1"/></borderAlpha><borderColor><color value="#6ACEEB"/></borderColor><borderThickness><double value="5"/></borderThickness><padding><double value="1.03"/></padding><radius><double value="0"/></radius></styleBlock></styleBlock><styleSelector><simpleSelector value="zRectangleFrame"/></styleSelector></styleDeclaration><styleDeclaration><styleBlock><styleBlock><padding><double value="1.2"/></padding></styleBlock></styleBlock><styleSelector><simpleSelector value="zText"/></styleSelector></styleDeclaration><styleDeclaration><styleBlock><styleBlock><color><color value="#1E1B00"/></color><fontClass><string value="body"/></fontClass></styleBlock></styleBlock><styleSelector><simpleSelector value="zText.body"/></styleSelector></styleDeclaration><styleDeclaration><styleBlock><styleBlock><backgroundAlpha><double value="0.7"/></backgroundAlpha><backgroundColor><color value="#FFFFFF"/></backgroundColor><backgroundPadding><double value="5"/></backgroundPadding></styleBlock></styleBlock><styleSelector><simpleSelector value="zText.body-background"/></styleSelector></styleDeclaration><styleDeclaration><styleBlock><styleBlock><color><color value="#333333"/></color><fontClass><string value="head"/></fontClass></styleBlock></styleBlock><styleSelector><simpleSelector value="zText.title"/></styleSelector></styleDeclaration><styleDeclaration><styleBlock><styleBlock><backgroundAlpha><double value="0.8"/></backgroundAlpha><backgroundColor><color value="#FF434C"/></backgroundColor><backgroundPadding><double value="5"/></backgroundPadding></styleBlock></styleBlock><styleSelector><simpleSelector value="zText.title-background"/></styleSelector></styleDeclaration><styleDeclaration><styleBlock><styleBlock><color><color value="#FF434C"/></color><fontClass><string value="strong"/></fontClass></styleBlock></styleBlock><styleSelector><simpleSelector value="zText.subtitle"/></styleSelector></styleDeclaration><styleDeclaration><styleBlock><styleBlock><backgroundAlpha><double value="0.7"/></backgroundAlpha><backgroundColor><color value="#FFFFFF"/></backgroundColor><backgroundPadding><double value="5"/></backgroundPadding></styleBlock></styleBlock><styleSelector><simpleSelector value="zText.subtitle-background"/></styleSelector></styleDeclaration><styleDeclaration><styleBlock><styleBlock><color><color value="#EBAA6A"/></color><alpha><double value="0.7"/></alpha></styleBlock></styleBlock><styleSelector><simpleSelector value="zMarker"/></styleSelector></styleDeclaration><styleDeclaration><styleBlock><styleBlock><gradEndAlpha><double value="1"/></gradEndAlpha><gradStartAlpha><double value="1"/></gradStartAlpha><borderAlpha><double value="0"/></borderAlpha><borderThickness><double value="0"/></borderThickness><radius><double value="0"/></radius><thickness><double value="100"/></thickness></styleBlock></styleBlock><styleSelector><simpleSelector value="zTriangle"/></styleSelector></styleDeclaration><styleDeclaration><styleBlock><styleBlock><gradEndAlpha><double value="1"/></gradEndAlpha><gradStartAlpha><double value="1"/></gradStartAlpha><borderAlpha><double value="0"/></borderAlpha><borderThickness><double value="0"/></borderThickness><radius><double value="0"/></radius><thickness><double value="100"/></thickness></styleBlock></styleBlock><styleSelector><simpleSelector value="zSquare"/></styleSelector></styleDeclaration><styleDeclaration><styleBlock><styleBlock><padding><double value="1.2"/></padding></styleBlock></styleBlock><styleSelector><simpleSelector value="ZVideo"/></styleSelector></styleDeclaration><styleDeclaration><styleBlock><styleBlock><borderColor><color value="#333333"/></borderColor></styleBlock></styleBlock><styleSelector><simpleSelector value="#1"/></styleSelector></styleDeclaration><styleDeclaration><styleBlock><styleBlock><borderColor><color value="#333333"/></borderColor></styleBlock></styleBlock><styleSelector><simpleSelector value="#3"/></styleSelector></styleDeclaration><styleDeclaration><styleBlock><styleBlock><borderColor><color value="#333333"/></borderColor></styleBlock></styleBlock><styleSelector><simpleSelector value="#4"/></styleSelector></styleDeclaration><styleDeclaration><styleBlock><styleBlock><borderColor><color value="#333333"/></borderColor></styleBlock></styleBlock><styleSelector><simpleSelector value="#5_165321924"/></styleSelector></styleDeclaration></array></styleDeclarations></documentStyle></documentStyle><path><array><flyToObject><target><ref value="0"/></target></flyToObject><flyToObject><target><ref value="5_165321924"/></target></flyToObject><flyToObject><target><ref value="7_165321924"/></target></flyToObject><flyToObject><target><ref value="9_165321924"/></target></flyToObject><flyToObject><target><ref value="3"/></target></flyToObject><flyToObject><target><ref value="1"/></target></flyToObject><flyToObject><target><ref value="4"/></target></flyToObject><flyToObject><target><ref value="5"/></target></flyToObject></array></path><zObjects><array><zText><id><string value="0"/></id><text><text><width>-59.496</width><p><span><![CDATA[CQRS]]></span></p></text></text><localToWorld><transform2D x="-2.597081172166205" y="-1.2985405860831023" scale="2674.3560926244622" rotation="0"/></localToWorld><styleClasses><array><token value="title"/></array></styleClasses></zText><zCircleFrame><id><string value="1"/></id><localToWorld><transform2D x="24683.958000763887" y="-9158.606753610811" scale="1.4945479141719045" rotation="0"/></localToWorld><styleClasses><array><token value="circle"/></array></styleClasses><width><double value="800"/></width><height><double value="800"/></height></zCircleFrame><zCircleFrame><id><string value="3"/></id><localToWorld><transform2D x="-18145.806149859276" y="934.9492219764278" scale="1.626913687757932" rotation="0"/></localToWorld><styleClasses><array><token value="circle"/></array></styleClasses><width><double value="800"/></width><height><double value="800"/></height></zCircleFrame><zCircleFrame><id><string value="4"/></id><localToWorld><transform2D x="63605.114987291134" y="-9306.640380423743" scale="1.3305774286871377" rotation="0"/></localToWorld><styleClasses><array><token value="circle"/></array></styleClasses><width><double value="800"/></width><height><double value="800"/></height></zCircleFrame><zInvisibleFrame><id><string value="5"/></id><localToWorld><transform2D x="-8.857618373065488E-12" y="-4.797876618743806E-12" scale="185.41234614019424" rotation="0"/></localToWorld><styleClasses><array><token value="invisible"/></array></styleClasses><width><double value="1207.7922077922078"/></width><height><double value="600"/></height></zInvisibleFrame><zText><id><string value="7"/></id><text><text><width>-170.688</width><p><span><![CDATA[Cand se foloseste]]></span></p></text></text><localToWorld><transform2D x="-18146.000000000004" y="523.3" scale="3.3075100619581126" rotation="0"/></localToWorld><styleClasses><array><token value="title"/></array></styleClasses></zText><zText><id><string value="8"/></id><text><text><width>-88.56</width><p><span><![CDATA[Avantaje]]></span></p></text></text><localToWorld><transform2D x="24683.85" y="-9572.25" scale="4.4274668093625795" rotation="0"/></localToWorld><styleClasses><array><token value="title"/></array></styleClasses></zText><zText><id><string value="9"/></id><text><text><width>-123.792</width><p><span><![CDATA[Dezavantaje]]></span></p></text></text><localToWorld><transform2D x="63604.79441588456" y="-9612.896312679895" scale="4.048756726190274" rotation="0"/></localToWorld><styleClasses><array><token value="title"/></array></styleClasses></zText><zText><id><string value="0_165321924"/></id><text><text><width>454.72571507045944</width><p indent="1" listType="bullet"><span><![CDATA[complexitate crescuta]]></span></p><p indent="1" listType="bullet"><span><![CDATA[posibilitatea existentei de cod duplicat]]></span></p><p indent="1" listType="bullet"><span><![CDATA[consum ridicat de memorie si hard-disk]]></span></p></text></text><localToWorld><transform2D x="63633.600000000006" y="-9297.36379523412" scale="2.1218530531215394" rotation="0"/></localToWorld><styleClasses><array><token value="body"/></array></styleClasses></zText><zText><id><string value="1_165321924"/></id><text><text><width>571.2744508112996</width><p indent="1" listType="bullet"><span><![CDATA[optimizarea va fi mai usoara intrucat se poate lucra la perfomanta pe partea de read si pe partea de write separat;]]></span></p><p indent="1" listType="bullet"><span><![CDATA[pentru proiecte mari este util deoarece vor fi echipe diferite lucrand pe cele doua parti, asadar developerii din echipa de read nu trebuie sa se preocupe si de write si invers]]></span></p><p indent="1" listType="bullet"><span><![CDATA[impiedica “merge conflicts”(provenite de la comenzile de update)]]></span></p><p indent="1" listType="bullet"><span><![CDATA[securitatea mai buna deoarece la modelul CRUD normal o entitate are acces atat la partea de read cat si write, asadar ar putea afisa date intr-un context nepotrivit]]></span></p></text></text><localToWorld><transform2D x="24700.7" y="-9090.3" scale="1.6448078235307668" rotation="0"/></localToWorld><styleClasses><array><token value="body"/></array></styleClasses></zText><zCircleFrame><id><string value="5_165321924"/></id><localToWorld><transform2D x="-59012.1" y="296.45" scale="1.6263804751048947" rotation="0"/></localToWorld><styleClasses><array><token value="circle"/></array></styleClasses><width><double value="800"/></width><height><double value="800"/></height></zCircleFrame><zText><id><string value="6_165321924"/></id><text><text><width>-97.008</width><p><span><![CDATA[Descriere]]></span></p></text></text><localToWorld><transform2D x="-58991.76725576609" y="-154.49821089065802" scale="4.0564753280281" rotation="0"/></localToWorld><styleClasses><array><token value="title"/></array></styleClasses></zText><zImage><id><string value="7_165321924"/></id><width><double value="526"/></width><height><double value="282"/></height><localToWorld><transform2D x="-59161.96806972846" y="722.6669564634351" scale="0.32925967851338755" rotation="0"/></localToWorld><onlineAssetId><string value="4964919052"/></onlineAssetId><onlineAssetUrl><string value="http://0103.static.prezi.com.s3.amazonaws.com/media/b/c/4/41e3fb735a61074a224fa24112855028b0d12.png"/></onlineAssetUrl><assetSourceFilename><string value="command-and-query-responsibility-segregation-cqrs-basic.png"/></assetSourceFilename></zImage><zImage><id><string value="9_165321924"/></id><width><double value="627"/></width><height><double value="221"/></height><localToWorld><transform2D x="-58895.81806972846" y="722.6669564634351" scale="0.4201413431693413" rotation="0"/></localToWorld><onlineAssetId><string value="4964923487"/></onlineAssetId><onlineAssetUrl><string value="http://0103.static.prezi.com.s3.amazonaws.com/media/0/7/5/d02ad29d9eb3c7a17936eba7a1dfb9a4d719c.png"/></onlineAssetUrl><assetSourceFilename><string value="command-and-query-responsibility-segregation-cqrs-separate-stores.png"/></assetSourceFilename></zImage><zText><id><string value="8_165321924"/></id><text><text><width>472.18287078589873</width><p><span><![CDATA[Command and Query Responsibility Segregation (CQRS) este un model care separa operatiile care citesc datele (interogarile) de operatiile care actualizeaza datele (comenzile) folosind interfete separate. Aceasta inseamna ca modelele de date utilizate pentru interogari si actualizari sunt diferite. Modelele pot fi apoi izolate sau separate pentru a maximiza performanta, scalabilitatea si securitatea]]></span></p></text></text><localToWorld><transform2D x="-58994.894239146066" y="313.6439211733669" scale="2.2222960026174405" rotation="0"/></localToWorld><styleClasses><array><token value="body"/></array></styleClasses></zText><zText><id><string value="10_165321924"/></id><text><text><width>613.2500000000001</width><p indent="1" listType="bullet"><span><![CDATA[Domenii colaborative în care mai multe operații sunt efectuate în paralel pe aceleași date. ]]></span></p><p indent="1" listType="bullet"><span><![CDATA[Scenariile în care performanța citirilor de date trebuie să fie reglată separat de performanța înregistrărilor de date]]></span></p><p indent="1" listType="bullet"><span><![CDATA[Scenariile în care se așteaptă ca sistemul să evolueze în timp și ar putea să conțină versiuni multiple ale modelului sau în care regulile de afaceri se modifică în mod regulat.]]></span></p><p indent="1" listType="bullet"><span><![CDATA[In integrarea cu alte sisteme, in special in combinatie cu event sourcing, unde defecțiunea temporală a unui subsistem nu trebuie să afecteze disponibilitatea celorlaltor sisteme]]></span></p></text></text><localToWorld><transform2D x="-18126.05" y="986.15" scale="1.7436602517228448" rotation="0"/></localToWorld><styleClasses><array><token value="body"/></array></styleClasses></zText></array></zObjects></prezi>